index,poiId,avgScore,hasFoodSafeInfo,avgPrice,num
0,4615402,4.8,True,20,688
1,41955549,5,True,41,2716
2,2849942,5,True,47,2689
3,66225165,5,True,50,1016
4,40689052,5,True,12,1438
5,5432854,5,True,48,500
6,66900936,5,True,15,666
7,50295171,5,True,15,706
8,50602881,5,True,10,384
9,51135547,4.5,True,53,1015
10,75934346,4.4,True,10,734
11,40806201,4.6,True,7,1585
12,5895718,4.6,True,21,6450
13,4870749,4.8,True,10,908
14,42932765,5,True,10,392
15,2501499,4.1,True,59,3768
16,6925724,4.3,False,50,269
17,4165655,4.1,True,20,568
18,3311047,4,True,70,6
19,2255630,4.3,True,93,299
20,52020131,3.9,True,26,888
21,42171683,3.4,True,30,2347
22,2423226,3.6,True,73,2532
23,2255378,4.3,True,64,1109
24,52534431,5,True,70,255
25,2255988,4.2,True,40,4239
26,41262432,4,True,104,
27,40010919,4.3,True,50,1099
28,6031919,4.5,True,48,903
29,6392856,4.4,True,33,55
30,6738176,5,True,50,1187
31,6838764,4.2,True,16,498
32,42899673,4,True,77,809
33,40715053,3.8,True,20,1550
34,5090236,4.5,False,36,132
35,42452122,4.3,True,13,49
36,42722716,4.5,True,51,1208
37,52211032,4.6,False,38,564
38,6362780,4.2,True,41,1550
39,2255670,4.2,True,46,1550
40,2852346,3.6,True,46,1550
41,2255563,4.1,True,47,931
42,4610483,3.7,True,21,1550
43,6668642,4.1,True,48,400
44,41969144,3.8,True,41,940
45,4063178,4,True,45,55
46,4704435,3.8,True,45,232
47,51775286,4.2,True,66,1550
48,68314839,4.2,True,46,24
49,4468757,4.3,True,111,506
50,110880412,4.2,True,41,386
51,2855015,4.1,True,25,76
52,962389,4,True,47,1550
53,51900868,4,True,15,38
54,2255159,4.5,True,65,
55,2255574,4.3,True,59,736
56,2536642,4.3,True,59,300
57,40977582,4.1,True,26,376
58,5208724,3.7,True,23,1550
59,4964806,3.6,True,68,1550
60,6078153,3.6,True,58,332
61,52724646,4.4,True,28,200
62,2255628,4.3,True,63,1000
63,41948593,4.5,True,54,336
64,41430576,3.7,True,15,397
65,4822866,3.9,True,55,173
66,40245217,3.4,True,44,187
67,51864844,4,True,40,101
68,3276795,4.3,True,59,41
69,52698182,4.4,True,20,275
70,2722841,4.3,True,43,228
71,2255644,4,True,54,179
72,65831844,3.8,True,24,769
73,42426352,4.2,True,31,230
74,5299194,4,True,50,1353
75,6731736,3.8,True,60,649
76,5233195,3.6,True,10,142
77,4818291,3.9,True,9,165
78,40412556,3.8,False,50,180
79,51983590,4.1,True,12,315
80,195292616,4.4,False,53,132
81,185011399,5,True,55,487
82,718724193,4.8,False,45,30
83,158899855,3.4,True,82,201
84,157230343,5,True,43,148
85,978709703,4.5,True,60,6
86,1645729272,3,True,50,7
87,177601402,4.5,True,55,476
88,1409876198,3.5,False,23,2
89,182455125,3.4,False,57,47
90,164147461,4.1,True,62,15
91,87635003,4,False,36,358
92,165841362,3,False,42,1
93,933480632,4.5,True,30,25
94,169985357,5,True,50,61
95,193215048,5,False,41,49
96,597099460,4.4,False,31,21
97,194413990,5,True,38,13
98,164744915,5,True,10,162
99,95143439,3.5,True,20,10
100,poiId,avgScore,hasFoodSafeInfo,avgPrice,
101,187197359,4.7,True,58,189
102,84137925,0,False,35,
103,179356757,4.3,True,66,80
104,1452505114,4.3,True,54,25
105,165941952,3.5,True,16,1
106,1614881218,4.1,True,47,9
107,188063916,4.9,True,30,95
108,195907555,3.5,True,50,2
109,2628724,5,True,112,92
110,160166698,3.6,False,60,101
111,177947698,4,True,78,15
112,163339041,4.9,True,29,482
113,1620121633,4.3,True,16,16
114,194822767,4.3,True,46,8
115,1757438352,3.5,False,82,7
116,180043885,3.5,True,50,
117,157255135,5,True,38,332
118,165060386,4.2,False,38,83
119,1044131425,4.6,True,36,7
120,186382749,3.9,True,46,24
121,96829677,3.7,True,60,1550
122,192516485,5,True,58,265
123,888035758,0,False,58,2
124,193699224,3.5,True,59,42
125,4581057,3.8,True,51,59
126,188015071,5,True,60,108
127,195247173,4.1,False,48,33
128,190650730,3.9,False,53,113
129,2255364,4,True,56,308
130,117575318,3.5,True,35,3
131,106105051,3.8,True,35,
132,169443771,4,False,59,88
133,40657546,3.8,False,45,73
134,62563163,4.1,True,30,13
135,1770741566,0,True,16,
136,163450353,3.5,True,86,195
137,162840549,4,True,25,4
138,159727696,4.3,True,42,131
139,157175647,4.9,True,63,1550
140,42168890,3,False,30,27
141,108676335,4,True,56,344
142,1890432981,3,False,60,2
143,179543696,5,False,60,34
144,732130347,4.3,False,50,17
145,188590036,4.1,True,45,113
146,195843254,0,True,100,
147,194724911,0,True,20,
148,3255021,4.7,True,50,346
149,168502763,3.5,True,30,3
150,194430359,3.8,False,50,119
151,194003265,4.7,True,13,50
152,177739461,4.5,False,36,75
153,193275220,4.1,True,12,101
154,157793914,4.2,False,47,253
155,162129666,0,True,15,
156,162179473,3,False,42,1
157,184183204,4.3,True,46,24
158,162763609,3.5,True,45,
159,1714330803,5,True,45,81
160,187223889,4,True,15,92
161,1624589374,3.5,True,45,3
162,1404607694,4.8,False,35,18
163,157748289,5,True,17,447
164,99090985,4.3,False,50,23
165,1070840392,0,True,33,
166,881405377,4.1,True,68,55
167,157835642,0,False,0,
168,194977919,4.5,True,25,89
169,171869864,3,True,54,125
170,90530711,4.5,True,49,858
171,163149827,3.7,True,58,550
172,92207391,4.1,True,19,36
173,191298860,3.5,True,19,1
174,185472099,4.1,True,44,73
175,1729963793,3.5,True,26,5
176,164377373,3.8,True,40,91
177,1664388830,3.5,False,60,3
178,1591076930,4.3,True,56,68
179,182021096,3.8,True,35,11
180,194052313,4.1,False,66,94
181,194623230,5,True,57,220
182,195898486,4.3,True,10,22
183,193836542,4.7,False,49,42
184,193441754,4.3,True,40,45
185,156865550,4.7,True,60,658
186,85182496,4.2,False,36,18
187,535872908,5,False,19,74
188,194899905,5,True,48,168
189,191106841,4.1,False,195,9
190,1183114960,3.5,False,50,2
191,186774858,3,False,50,6
192,185605262,4.9,False,37,61
193,1566955500,3.5,True,20,1
194,1363099946,3.5,True,0,12
195,1489524278,4.5,False,54,20
196,1413627115,3.5,True,0,
197,192594497,4.3,True,40,27
198,994214680,3.5,False,73,5
199,839487122,3.9,False,40,27
200,783761571,4.9,False,16,21
201,poiId,avgScore,hasFoodSafeInfo,avgPrice,
202,40451323,4.5,True,61,1156
203,753333092,5,False,65,56
204,52507372,4.8,True,55,179
205,85940547,4.5,True,50,69
206,193006556,5,True,66,77
207,745611667,5,True,45,30
208,193978949,4.4,True,58,29
209,194907873,5,False,50,48
210,187296353,4.7,True,57,87
211,157767228,4.5,True,55,967
212,194367228,4.6,False,55,19
213,184587329,4.9,True,48,112
214,179616452,5,True,48,119
215,1352739732,3.5,False,48,4
216,170651685,3.8,True,42,100
217,168774363,5,False,40,69
218,95038764,4.8,True,20,387
219,159104654,0,True,50,
220,1192741289,4.2,True,50,32
221,165677378,3.3,True,57,353
222,164167576,4.1,True,17,45
223,1274855815,4.5,True,50,11
224,195075324,4.6,False,35,11
225,194410057,3.4,True,56,8
226,122008235,4.5,True,38,55
227,1438873121,4.5,False,46,8
228,193951435,4.7,True,45,84
229,193304800,0,False,0,
230,1563239782,0,True,50,
231,192633389,3.7,True,91,39
232,1403485526,0,False,28,
233,190438551,4.2,True,37,60
234,195019730,3.5,True,76,1
235,195623550,5,False,30,49
236,186869148,5,True,40,58
237,521519433,5,True,43,51
238,119485251,4.7,True,74,430
239,771080700,3.5,True,40,6
240,180521344,4,True,16,179
241,95323637,0,True,13,
242,162080113,3.7,False,50,24
243,169386788,3.6,True,56,377
244,164588491,4.5,True,53,126
245,41943056,4.2,True,10,1550
246,1818889411,4.4,False,45,17
247,1892699113,3.5,False,42,
248,41063517,3,True,92,1
249,159627626,3.8,True,30,121
250,179449170,4,True,56,122
251,1639980685,3.5,True,10,2
252,182411045,4.9,True,53,125
253,186236042,4.1,True,25,18
254,1053636840,4.5,True,23,12
255,163990886,3.7,True,34,25
256,106451442,4.7,True,16,155
257,164921972,5,True,61,55
258,1011892555,4.2,False,30,11
259,165790770,4.1,True,63,104
260,192186454,4.3,True,105,85
261,913053829,3.5,False,29,1
262,192807645,5,True,48,46
263,60645648,4,True,93,108
264,191468662,3.9,False,51,129
265,728104082,4.6,True,18,55
266,193921324,3.5,False,56,1
267,111441997,5,True,47,223
268,187285902,4.7,True,33,116
269,195911762,5,True,64,96
270,189067086,0,False,27,
271,95982611,4.6,True,39,87
272,189730259,4.1,True,53,23
273,185430154,3.9,True,47,58
274,159385073,3.4,True,59,275
275,83070506,4.5,True,40,650
276,132633460,3.5,False,36,1
277,186404866,3.9,True,53,80
278,42448991,3.5,True,0,
279,150331661,5,True,35,327
280,177912912,4.3,True,29,19
281,102383176,5,True,57,581
282,1540553537,4.8,False,49,23
283,164117523,4.7,False,60,282
284,163205878,4.2,True,15,29
285,1802114890,3.5,True,91,
286,192261834,3.5,True,64,52
287,194681178,3.5,False,62,91
288,194702372,4.3,False,57,165
289,606922393,3.5,False,40,3
290,585184732,3.5,True,20,
291,194906155,3.5,True,52,55
292,1460565328,3.5,False,0,1
293,poiId,avgScore,hasFoodSafeInfo,avgPrice,
294,784834469,3.5,True,40,1
295,194470110,3.2,False,50,28
296,194361805,3.7,False,71,16
297,177455166,4,True,80,77
298,193596323,3.6,False,57,155
299,193299572,4.3,True,25,129
300,192904296,3.9,True,20,11
301,167001767,4.4,True,12,184
302,182567703,4.1,False,50,11
303,41465166,5,True,54,1550
304,190879912,5,True,52,36
305,119010666,5,False,119,951
306,194704748,3.9,True,30,17
307,1990534689,0,False,78,
308,185444520,4.3,False,54,535
309,1664609829,4.3,True,0,22
310,158439649,5,False,44,767
311,1541620760,4.1,False,31,10
312,188029025,4.3,True,46,59
313,1160284984,5,True,50,60
314,1101624638,4.4,True,22,15
315,912553965,4.1,False,43,42
316,156768334,3.4,False,62,118
317,175148918,4.2,False,50,172
318,97422301,4,True,57,457
319,188582850,5,True,48,771
320,160472145,5,True,43,81
321,40368220,4.1,True,133,24
322,poiId,avgScore,hasFoodSafeInfo,avgPrice,
323,1966487493,3.8,False,60,17
324,162919860,4,False,40,12
325,1687358263,4,True,42,8
326,72956106,4.7,True,158,123
327,1608561406,3.5,False,45,9
328,164970949,5,True,29,200
329,755814974,5,False,63,38
330,89897677,4.3,True,70,271
331,192745543,4.6,False,51,29
332,195822098,3.5,False,60,3
333,194410892,4,True,9,57
334,193967990,4.1,True,60,19
335,193618184,3.3,True,67,18
336,518588117,5,True,35,47
337,193135291,4.3,True,53,183
338,192906344,4.3,False,64,81
339,192627359,4.7,True,12,296
340,738170480,3,False,50,2
341,188476383,3,False,60,4
342,186945914,4.1,True,53,120
343,189589179,3.7,True,15,65
344,1268206535,3.5,True,62,2
345,814241847,4.5,False,40,20
346,158360988,4.7,True,27,465
347,1448426327,0,True,43,
348,1399256841,3.5,True,15,
349,1210186140,3.6,False,40,25
350,996521551,4.7,True,48,35
351,950940748,3.5,False,40,2
352,192708991,3.5,True,15,3
353,192716672,3.5,False,50,3
354,662738143,4.3,False,50,9
355,193285295,4.9,True,73,205
356,194933236,3.5,True,50,2
357,194911921,4.3,True,58,31
358,189584557,3.8,False,59,39
359,194311786,4.1,False,45,19
360,186387740,4.7,True,53,53
361,92781521,4.9,False,48,76
362,182069868,3.6,True,45,175
363,194709752,4,True,0,5
364,190424231,3.7,True,18,82
365,160250392,4.2,False,52,67
366,169393591,4,True,63,114
367,986088531,4,False,45,34
368,165887168,3.4,True,60,79
369,962364,4.3,True,63,573
370,164384371,4.2,True,88,341
371,1261437530,4,False,80,
372,195302476,5,True,20,35
373,157716332,5,True,40,35
374,194709272,3.5,True,70,
375,1377873670,5,False,48,55
376,194308809,4.2,True,45,24
377,153302431,5,True,53,277
378,1529598087,3.5,False,41,1
379,193238240,3.5,False,40,5
380,159247296,4.1,True,20,67
381,192555251,5,True,50,28
382,631659467,0,True,40,
383,192084218,3.8,True,49,15
384,193900006,5,True,44,36
385,194932273,3.9,True,52,97
386,194443908,4.8,False,35,27
387,195018712,4.7,True,13,59
388,2854942,4.6,True,41,60
389,195284429,3.5,False,50,2
390,527948262,5,False,61,26
391,548097216,5,True,60,57
392,547290817,4.2,False,70,15
393,848527826,5,False,59,29
394,1955877877,3.5,True,50,3
395,160799990,4.1,True,15,15
396,632020447,4,True,61,
397,1834277396,4.2,False,44,14
398,1706914309,3.5,False,58,8
399,763394122,4.9,True,16,26
400,1603269146,4.3,True,21,13
401,1394002546,4.4,True,50,21
402,51156579,3.5,False,0,6
403,860847421,4,True,48,4
404,poiId,avgScore,hasFoodSafeInfo,avgPrice,
405,1343101950,0,True,0,
406,1202799518,5,True,45,42
407,906552828,0,False,50,
408,961151634,5,False,26,45
409,159581557,4.3,True,40,21
410,157242813,4.7,False,58,1057
411,111316812,4.1,True,62,227
412,158635268,3.7,True,37,61
413,65709558,3,False,10,4
414,157723281,3.9,False,40,11
415,192719826,4.7,True,25,22
416,110484766,3.5,True,60,27
417,192788796,4.3,False,40,13
418,192984211,4.2,False,47,27
419,110824264,3.8,True,83,75
420,195306316,3.5,True,50,4
421,193251219,3.5,False,57,
422,162897476,4.5,True,16,43
423,193287155,4.1,True,46,20
424,193568022,3,True,15,1
425,158942139,4.3,True,57,600
426,159693745,3,False,40,2
427,1837300357,3.5,True,10,1
428,193606993,4.4,False,53,10
429,163177823,3.7,True,56,161
430,1634569275,3.5,False,47,1
431,169326111,4.5,True,15,35
432,50618491,4,True,31,3
433,1743015266,5,False,55,34
434,169037484,4.6,False,47,8
435,165833200,4.1,True,14,1146
436,1789522347,0,True,20,
437,164798656,4.3,False,61,129
438,164440543,3.9,True,80,21
439,76469567,4.3,True,50,1086
440,93813976,5,True,30,145
441,170613758,4,False,40,80
442,160580744,4.1,True,60,505
443,1953539129,4.7,True,40,44
444,164286749,3.1,True,51,110
445,111101486,4.5,False,28,38
446,4146847,3.5,False,60,5
447,157756423,4.1,False,35,12
448,169040551,3.9,True,99,50
449,160587208,4.8,True,42,32
450,90951088,5,True,63,678
451,192608053,4.5,False,58,227
452,101840367,3.7,True,17,424
453,161059077,0,True,9,1
454,162874346,4.3,True,86,617
455,190415261,4.1,True,54,211
456,189501567,3.8,True,41,46
457,163172669,4.1,True,55,19
458,187253235,3.2,True,54,54
459,186310721,5,True,49,133
460,115185538,3.5,False,45,
461,163452042,3.3,False,55,50
462,184721594,3.7,False,58,22
463,184189575,3.5,True,20,5
464,164785993,5,True,57,195
465,179649941,3.6,False,54,278
466,179105409,3.9,True,10,23
467,96860927,4.7,True,49,749
468,110246032,5,True,15,167
469,164981043,3,False,56,101
470,177559922,4,False,37,10
471,174859991,5,True,65,1252
472,194471376,4.1,True,50,18
473,1524901692,3.5,True,45,2
474,195966693,4.3,True,60,13
475,189467446,5,True,62,84
476,195107508,4.3,True,39,43
477,80971114,3.5,False,20,5
478,1965889315,3.5,False,45,
479,poiId,avgScore,hasFoodSafeInfo,avgPrice,
480,195539716,4.7,True,37,77
481,187209546,4.2,False,55,26
482,195938106,3.3,True,53,54
483,186775064,3.6,False,40,19
484,670505083,0,True,12,
485,719612227,4.7,True,40,26
486,184581726,4,True,35,8
487,820862729,4.3,True,47,34
488,88574187,4.1,True,33,60
489,179304475,3,True,50,1
490,105248677,3.2,True,59,44
491,71017444,4.9,True,55,482
492,170632594,4.1,True,64,132
493,162896778,3.5,False,60,4
494,159006157,5,False,40,68
495,164041687,3.9,False,83,26
496,1899498973,3.5,True,40,5
497,1796266207,4,False,50,2
498,65786732,4.2,True,48,376
499,1667280452,0,False,59,
500,1969692960,5,False,59,181
501,1989883946,3.8,False,41,16
502,5649636,3.3,True,43,55
503,1793670072,3,False,43,3
504,174927609,4,False,55,19
505,177876216,3.8,True,61,50
506,1644478641,4.6,False,50,10
507,179584840,4.4,True,55,13
508,182132588,4.3,True,61,95
509,1557683801,4.5,False,45,26
510,1653997441,4.5,False,34,10
511,182551287,3,True,25,
512,186237622,3.4,True,67,90
513,2255548,3.5,True,83,118
514,163418620,5,True,39,147
515,1050293876,3.5,True,17,2
516,155351477,4.3,True,46,224
517,1580289511,3.5,False,40,1
518,164462406,5,True,35,71
519,1030364537,3.5,True,15,
520,164923881,4.2,True,58,74
521,138051112,4.4,True,32,156
522,165732575,3.1,True,56,43
523,953039487,5,True,47,46
524,1452657178,0,False,50,
525,193395508,3.5,True,8,
526,933007157,0,True,50,
527,192492918,3.6,True,46,30
528,2255615,4.5,True,28,263
529,192706132,4.3,True,48,177
530,895503202,0,False,50,
531,192985628,4.9,False,49,154
532,2855422,4,True,38,174
533,94014599,4,True,31,
534,159686325,4.3,True,66,139
535,1398225710,3,True,50,6
536,193381246,5,True,0,27
537,837263642,3.5,True,26,
538,193638035,4,True,17,6
539,193752227,4.4,True,56,67
540,633652960,4.6,True,10,29
541,194270214,3.5,False,38,11
542,194583154,4.5,True,60,64
543,528466489,4,True,71,11
544,187853257,3.9,True,64,21
545,188478953,3,False,69,
546,195398442,3.5,True,48,3
547,189258364,5,True,69,115
548,115567880,4.4,True,63,368
549,189728127,3.8,True,71,13
550,194840274,4.5,True,35,49
551,190456349,4,True,45,206
552,191320747,4.1,False,121,9
553,181439104,4.9,False,59,584
554,132246461,5,True,58,1550
555,192241541,5,True,56,107
556,62868349,3.5,False,40,3
557,190367034,5,True,64,246
558,150011757,4,True,40,904
559,962394,3.1,True,62,227
560,150436966,3.5,True,15,2
561,192670313,5,True,49,337
562,164522860,4,True,10,474
563,179122655,3.5,True,116,
564,193644482,5,True,64,156
565,169511998,3.9,True,63,383
566,189925729,4.1,False,45,8
567,169403484,3.8,True,54,197
568,166304180,3,False,40,6
569,110451950,5,True,58,1022
570,1532170309,0,False,30,1
571,164911446,3.7,True,13,371
572,164192117,4.1,False,20,101
573,1672564113,4.8,True,45,36
574,952542533,5,True,50,65
575,191184566,0,False,46,1
576,820434153,4.4,False,38,10
577,163302809,5,True,46,541
578,1788192371,3.5,False,35,
579,88000402,5,False,30,70
580,160208282,5,True,41,61
581,90777796,4.9,False,24,1550
582,613116870,3.9,True,45,45
583,1905218028,0,True,50,
584,749182384,4.4,False,30,32
585,42465394,4.3,True,47,68
586,696407069,3.5,False,40,1
587,171877854,4.5,True,61,308
588,114127031,4.1,True,87,391
589,192657998,3.5,False,46,105
590,195933837,4.6,True,16,46
591,195147330,4.2,False,43,56
592,1677763668,4.5,True,43,67
593,194820658,5,True,10,69
594,194713484,3,True,17,
595,179611044,3.5,False,64,2
596,158747530,4.6,True,77,1550
597,195572552,3.8,True,63,21
598,97770788,5,True,49,1078
599,185268237,4.5,True,53,79
600,6420595,4,True,48,7
601,189915264,5,True,66,429
602,poiId,avgScore,hasFoodSafeInfo,avgPrice,
603,80007444,3.5,True,15,
604,194413562,4.3,True,10,30
605,170624125,4,True,57,371
606,194033798,4.3,False,50,16
607,193701074,4.4,False,50,15
608,177457767,3.5,True,14,2
609,92972192,4.2,False,51,292
610,193271119,5,False,67,111
611,178769204,4.3,True,46,203
612,1584645898,3.5,False,45,5
613,4958584,3,False,30,1
614,65841931,3.5,True,10,5
615,162840125,5,True,36,339
616,184371504,5,False,46,48
617,1985975785,4.9,False,37,30
618,193281112,4.1,False,29,14
619,177868842,4.1,True,45,9
620,1711882879,4.7,True,55,21
621,187180947,4.8,True,27,269
622,1645794284,3.5,True,16,3
623,157745858,3.7,True,17,70
624,187611640,3.9,False,40,11
625,1426154763,4.3,False,56,10
626,1286147869,4.3,False,32,13
627,160828436,3,True,45,1225
628,182463418,5,True,27,187
629,194470670,3.5,True,94,1
630,193459417,5,True,0,21
631,192699008,4.8,False,57,213
632,1069596107,5,False,37,83
633,156231870,4.2,True,20,21
634,899565855,3.5,True,70,8
635,158730085,4.7,True,30,264
636,806171199,4.8,True,47,30
637,157081449,4.4,True,18,55
638,6280750,4,False,52,21
639,192278450,5,True,71,253
640,181435453,4.2,True,57,162
641,153976544,5,True,43,740
642,162737425,3.1,True,37,250
643,160582883,5,True,61,1213
644,185909790,4.8,True,80,151
645,1981905974,4.9,False,47,35
646,161847237,3.8,False,48,201
647,1904369559,3.8,True,16,14
648,113649065,4.7,False,37,40
649,1705323242,5,True,91,47
650,164074085,3.6,True,69,331
651,2255580,3.6,True,63,340
652,186786047,4.1,True,50,8
653,189464962,4.1,True,50,21
654,192316555,5,True,57,50
655,192237542,5,True,48,83
656,158437932,3.7,True,52,177
657,532318349,4.5,True,35,15
658,94271401,5,True,53,1550
659,2255395,3.8,True,56,197
660,1486799807,4.5,True,43,9
661,182501704,3,False,40,
662,1641403678,3.5,False,35,
663,193934552,3,True,73,38
664,98099285,4.6,True,42,194
665,186386124,3.3,True,68,8
666,187063639,4.1,True,19,25
667,194306918,3,False,35,3
668,71944188,3.9,True,38,25
669,187078958,4.5,False,40,37
670,194021076,4.4,False,35,25
671,195153278,5,False,40,30
672,70789767,5,False,42,115
673,188568316,4,True,53,17
674,92189620,5,True,21,130
675,193989018,4,True,49,48
676,188585094,4.5,True,60,83
677,195849072,4,False,30,111
678,158739146,4,False,30,36
679,195968745,4.4,True,65,21
680,3307199,4,True,41,1550
681,1385285151,3,False,40,
682,193316227,4.3,False,53,24
683,150081181,5,True,39,1347
684,113579615,4.1,True,84,1287
685,50458097,4.6,True,17,288
686,179105828,5,True,63,196
687,95072461,4.1,False,68,7
688,189248482,5,True,58,163
689,52629713,4,True,54,682
690,157149115,4,True,54,126
691,193981401,0,False,38,
692,1035636488,4.5,True,50,21
693,159438235,5,False,57,71
694,193823523,4.5,False,16,9
695,1302850789,0,False,30,
696,1688819332,3.5,False,0,
697,2255961,3.5,False,68,5
698,1708637757,3.5,True,22,3
699,938869892,4.5,True,51,10
700,178107977,3.8,True,58,287
701,170588864,4.8,False,72,327
702,168876444,3.5,False,10,3
703,165923822,3.9,True,35,8
704,165680973,4,False,50,30
705,164793280,4,True,46,487
706,159749428,0,True,50,6
707,poiId,avgScore,hasFoodSafeInfo,avgPrice,
708,164370148,4.3,True,37,131
709,163093174,3,True,15,37
710,1281796992,3,False,36,1
711,193349878,4.6,False,63,31
712,160827520,4.5,True,44,125
713,193611627,4.3,True,11,138
714,194282835,3.8,False,60,10
715,81832805,5,True,56,480
716,194698961,5,True,50,116
717,183970643,5,False,56,287
718,111671889,0,True,8,
719,102642860,4.2,True,55,140
720,177524939,4.1,False,55,12
721,2255751,3.5,True,78,2
722,1073120096,3,True,60,
723,193290973,3.5,False,40,10
724,164425404,4.3,True,48,85
725,152308090,4,False,56,105
726,5424331,4.6,False,42,97
727,193263311,4.3,True,18,12
728,1117589650,3.5,True,50,
729,160520236,4,True,53,469
730,160242747,5,True,7,55
731,175264850,4.3,True,11,74
732,119255166,4.8,True,43,501
733,158811759,3.5,True,36,12
734,2853941,3.5,True,30,10
735,1185812642,5,True,51,72
736,193189847,4.1,True,33,47
737,1853777448,4.6,True,25,11
738,192573433,3,True,13,3
739,1743950426,4.9,True,40,28
740,1671142234,5,False,40,52
741,1633680302,0,True,21,
742,193218913,5,True,22,107
743,1247361758,3.9,True,50,24
744,1518978935,4,True,45,10
745,193199491,4.4,True,61,113
746,1422208924,5,False,43,34
747,1355245498,4.6,True,15,9
748,193286900,3.6,True,60,13
749,1261343483,3.5,False,60,8
750,193490472,5,False,43,68
751,79659716,4,True,51,125
752,193926487,4.3,False,61,105
753,80553505,4.4,True,39,466
754,1045250912,0,False,28,
755,188993282,5,True,45,55
756,192863350,3.8,True,62,54
757,88491711,5,True,64,432
758,157742283,5,True,20,28
759,192848357,3.9,False,50,30
760,159617332,5,True,65,1550
761,4630074,5,True,57,1550
762,6615401,5,True,67,1550
763,41556919,4.7,True,15,1094
764,5873313,5,True,61,156
765,5541528,4.2,True,53,1550
766,1601411726,4.8,True,47,28
767,78559346,5,True,48,824
768,1326710095,3.5,False,46,5
769,40806440,4.5,False,32,1203
770,65817757,4.5,True,15,1550
771,2512373,4.7,True,148,308
772,2255696,5,True,117,88
773,52602141,3.5,True,48,1500
774,50554039,4.5,True,39,585
775,71069177,4.5,True,8,174
776,5089384,3.9,True,0,470
777,41975558,3.8,False,30,283
778,180638691,3.5,True,100,2
779,2255951,3.5,True,54,1310
780,5926381,4.1,False,40,15
781,4769510,4.2,False,30,42
782,2561290,4.2,True,70,1189
783,2631820,4.2,True,59,1308
784,2255571,3.6,True,46,697
785,6126048,4.7,False,0,78
786,41162665,5,True,79,309
787,52158705,3.8,False,31,882
788,50416902,3.8,True,48,383
789,60527525,3.2,True,65,613
790,6149765,4.2,True,54,1385
791,5666120,3.7,True,56,1550
792,5763099,4.3,True,62,1550
793,6886061,4,True,34,676
794,2514238,3.5,True,43,952
795,6815072,4.2,True,20,143
796,50293672,4.3,True,54,119
797,6026288,3.3,True,47,1150
798,2255554,4.5,True,35,75
799,4657366,4.3,True,25,26
800,4793280,3.6,True,50,392
801,6582688,3.6,True,50,1550
802,962440,4.3,True,0,48
803,6552846,4.5,True,50,553
804,42590624,4.4,True,30,701
805,188432649,4.5,False,47,59
806,164440672,4.1,False,30,5
807,103490266,5,True,30,225
808,165757434,4.2,False,40,36
809,174917516,3.3,True,54,78
810,194808293,3.5,False,74,25
811,193062477,5,False,54,43
812,97894497,5,True,35,1412
813,85379938,3.5,True,55,459
814,108832857,5,True,54,280
815,193549066,3.8,True,66,18
816,1641915480,3.5,False,30,4
817,160700715,3.9,True,100,299
818,164588670,3.7,True,50,42
819,1831629207,4.6,False,37,18
820,195189061,4.3,True,26,82
821,1235186564,4.1,True,45,22
822,164318690,4,True,40,27
823,165507001,5,True,58,42
824,781407894,3.5,False,36,4
825,189127493,4.2,True,52,189
826,1031852661,5,True,55,141
827,193574125,4.2,False,85,124
828,192706627,3.9,False,30,10
829,185158509,3.9,True,57,179
830,2853337,3.5,True,34,19
831,1617670019,5,False,45,47
832,81818086,5,False,35,72
833,195151638,4.6,True,40,28
834,539238545,3,False,38,
835,587590079,3.9,True,53,11
836,192704680,4.9,False,62,142
837,193624232,4,False,30,20
838,165142598,3.2,False,50,29
839,158695703,3.1,False,75,678
840,193196872,4.2,False,40,10
841,193630589,4.3,True,65,84
842,189078364,4.5,True,53,285
843,187590129,5,True,40,69
844,189994431,4.7,False,61,181
845,189957578,4.3,True,38,26
846,169409987,4.1,True,40,63
847,169060782,3.7,True,55,36
848,177503277,4,False,51,128
849,164430327,4.2,False,50,35
850,62294194,3.4,True,63,243
851,165268538,5,True,48,98
852,169294024,3.5,False,47,2
853,179001897,4.3,True,30,93
854,177905198,4.5,True,17,16
855,194307270,3.5,True,41,3
856,95403980,5,True,12,116
857,162735232,3.8,True,84,391
858,poiId,avgScore,hasFoodSafeInfo,avgPrice,
859,poiId,avgScore,hasFoodSafeInfo,avgPrice,
860,186322408,4.4,False,35,17
861,179358821,4.2,True,31,16
862,180636800,4.1,True,20,30
863,182421867,5,True,73,404
864,190529826,4.1,True,45,6
865,182607954,4.3,False,40,13
866,78141610,3.8,True,74,257
867,192661191,3.8,True,51,36
868,1878499698,0,False,28,
869,161067451,5,True,54,606
870,1997954700,3.5,True,50,4
871,2510116,3,True,40,4
872,93884101,4.9,False,40,85
873,181472657,5,True,44,51
874,829237106,4,False,40,7
875,2855344,4.2,True,76,48
876,184715481,3.4,True,54,133
877,195918487,3.5,False,0,27
878,186862246,3.9,True,30,18
879,194648449,4.5,True,58,41
880,195974324,4.7,False,66,38
881,6896471,3,False,0,3
882,1299697395,3.5,True,0,1
883,520623417,3,False,30,5
884,508736755,4.5,False,0,26
885,194567655,3.5,True,61,16
886,193440470,3.6,False,44,58
887,1936341572,4,True,50,2
888,2255396,4.3,True,100,8
889,1743828371,3.5,False,76,
890,964055240,3.5,False,45,1
891,92157546,4.7,False,35,1212
892,42822737,4,True,0,602
893,165701670,3.6,False,55,5
894,112784047,4,True,44,16
895,104330742,3.5,True,0,4
896,157752494,4.1,True,47,7
897,160037157,3.7,True,57,38
898,80934669,4.6,True,40,321
899,115104363,3.2,True,35,186
900,1365187946,3.9,True,43,9
901,189573956,3.4,False,45,6
902,162819227,3.5,True,60,1
903,164364342,5,True,128,55
904,95443175,5,False,54,628
905,177920759,5,False,33,76
906,830278541,4.2,True,48,16
907,1500054401,3.5,True,38,1
908,194282633,4,False,50,23
909,188657151,3.4,True,57,97
910,975958434,3,False,40,
911,184423268,4.9,False,138,48
912,165812464,3.6,True,81,550
913,89326964,4.7,True,52,181
914,1481960308,3.5,False,40,5
915,187307765,4,True,69,27
916,1663228879,5,False,30,60
917,93865293,4,True,50,852
918,187549402,4.5,True,45,26
919,188026462,3.2,True,0,67
920,165749231,3.5,True,0,5
921,175375969,3.5,False,21,500
922,194340686,4,False,68,75
923,668451033,3.8,False,24,9
924,2850322,5,True,32,145
925,186478281,3.5,False,40,3
926,193241194,5,False,52,81
927,98099149,4.7,True,36,429
928,868866189,5,True,59,95
929,186065441,3.7,True,50,36
930,157740231,4.5,False,45,118
931,195290834,4.3,True,55,43
932,658514609,4.7,False,59,197
933,700618187,3.5,False,50,2
934,932472956,3.5,True,57,3
935,6256400,3,False,50,2
936,1047660554,3.3,False,0,35
937,517161170,3.7,False,40,19
938,853998609,3,False,40,
939,193741680,5,True,30,60
940,194779941,4.4,True,40,22
941,1035810736,3.5,True,40,1
942,179947063,3.5,True,50,5
943,2255441,4.1,True,50,1
944,1977996463,5,True,45,75
945,1322884332,4.8,False,0,16
946,1503406124,3.4,False,40,11
947,1653977213,4.5,False,53,16
948,82762440,5,True,0,141
949,1669010248,3.9,True,69,17
950,160765117,3,False,0,8
951,1315543793,4.9,False,49,60
952,51171579,3,True,70,60
953,192288791,4.9,True,55,129
954,840634419,5,True,45,40
955,177799337,3.6,True,0,18
956,694502381,3.5,False,49,23
957,818192168,3.5,True,30,
958,193271375,4.5,True,77,3
959,50224236,4,True,43,104
960,1061050496,3.3,True,43,5
961,1269230046,3.6,True,57,5
962,194048491,3.9,True,42,24
963,194053824,4,False,60,11
964,194301317,3.5,False,30,6
965,194606092,3.5,False,45,1
966,195055550,4.5,False,0,66
967,195062860,4.5,True,46,171
968,40129389,4.6,False,0,77
969,5619872,3.5,True,20,4
970,99326639,3.8,True,45,30
971,159228276,3.7,True,46,397
972,1484032783,3.5,False,35,
973,1527860956,4.6,False,57,7
974,160207414,4.3,True,53,85
975,1666234364,4.5,False,45,36
976,40808554,4,True,25,88
977,160728901,4,False,57,687
978,poiId,avgScore,hasFoodSafeInfo,avgPrice,
979,1807086880,3.5,False,35,3
980,162672677,4.9,False,50,44
981,164491624,4.2,False,58,46
982,169047185,4.8,False,50,328
983,1696916254,3.9,False,0,42
984,156888157,5,False,60,751
985,93272727,5,False,0,53
986,88645486,5,True,10,762
987,115450053,3.7,True,48,261
988,105886364,5,False,30,353
989,193060350,4.1,False,45,8
990,185204416,5,True,52,260
991,186393734,3.7,True,69,136
992,165211777,3.8,True,53,246
993,169328084,4.6,True,45,64
994,169347546,4.7,True,62,421
995,160291958,3.6,True,39,110
996,84479394,4,True,42,1079
997,85615492,3.5,False,30,21
998,1864231741,3,True,50,3
999,183968968,3.5,True,62,30
1000,6858817,3.7,True,25,8
1001,115715303,3.5,True,71,113
1002,1214950381,4.1,False,0,11
1003,164207938,3.5,True,50,49
1004,118065310,4.1,True,80,12
1005,1421537599,3,False,40,
1006,193935065,3.7,True,52,23
1007,1052918866,3.5,False,48,1
1008,184799635,3.5,True,35,25
1009,81655862,4.5,False,20,397
1010,192215139,4,False,66,23
1011,182102839,4.7,True,65,597
1012,193609650,3,False,45,4
1013,165643654,3.4,True,42,42
1014,194314422,3,False,0,25
1015,93395536,5,True,0,344
1016,188779642,4.3,True,57,200
1017,170536022,3.7,True,83,74
1018,165140114,5,False,60,369
1019,165586180,3.5,True,0,17
1020,177707626,3.4,True,60,51
1021,521930943,4,False,50,9
1022,1609783154,4.1,True,45,9
1023,765014139,5,False,53,33
1024,185655834,4.7,False,48,81
1025,159262996,4.1,True,40,6
1026,6030577,4.2,True,40,37
1027,118823353,4.9,True,48,269
1028,96102950,4.9,True,29,214
1029,95471088,4.5,True,30,26
1030,185245112,3.2,True,72,13
1031,186406366,4.3,True,57,194
1032,162094340,4.3,True,57,749
1033,73992234,4.3,True,35,1550
1034,636711054,3,False,60,
1035,1159645007,5,False,43,25
1036,150458050,5,True,41,181
1037,911184542,3.5,True,60,3
1038,902996558,5,True,43,35
1039,90563615,4.2,False,50,22
1040,157250309,3.9,False,40,6
1041,1342211756,3.7,False,60,13
1042,193140934,3,False,60,2
1043,4957065,3.6,True,25,25
1044,1075475378,3.9,True,51,13
1045,195781614,3.3,False,58,14
1046,67473261,4.3,True,125,219
1047,6526137,4,True,25,15
1048,152429231,3.8,False,0,17
1049,6115982,4,True,35,28
1050,150551155,3.5,True,0,4
1051,1485113920,5,True,50,60
1052,6400755,5,True,20,105
1053,69712056,5,True,35,316
1054,182851599,5,True,45,372
1055,40920051,4.6,True,59,670
1056,193715534,4.8,True,50,43
1057,6920193,4.4,True,28,1450
1058,195915550,4.6,True,60,16
1059,186576001,4.8,True,0,182
1060,40625879,5,True,10,423
1061,6224356,5,False,31,262
1062,5390876,4,True,27,449
1063,1591854044,5,True,0,70
1064,40571130,5,True,49,1536
1065,119935646,5,True,0,228
1066,191474274,5,True,0,218
1067,178054826,5,True,157,551
1068,112323463,4.8,True,0,50
1069,1462221156,4.3,True,0,21
1070,52249383,4.5,True,98,
1071,42592159,3.5,False,15,3
1072,4985391,3,True,15,4
1073,2403368,4,True,93,
1074,62532511,4,True,9,13
1075,912488812,5,True,0,189
1076,62834027,5,False,21,139
1077,194930333,4,True,25,3
1078,150362743,5,True,53,138
1079,42840249,4.8,True,0,163
1080,194475723,4,True,29,
1081,1626803327,5,True,0,241
1082,61639520,4.1,True,10,14
1083,99107597,3.5,True,20,9
1084,188671090,4.8,True,129,150
1085,190681747,5,True,37,156
1086,65132412,4.8,True,13,200
1087,4981752,4.2,True,0,21
1088,180560556,5,True,25,201
1089,63493435,4.1,True,50,618
1090,4281971,3.6,True,13,586
1091,1835576614,3.5,True,0,3
1092,41117875,4.1,True,18,1357
1093,50791260,4.6,True,0,58
1094,195794918,4,True,10,29
1095,6031348,4.3,True,13,663
1096,42706991,4.8,True,0,34
1097,4741131,3.8,True,19,921
1098,179252923,5,True,50,195
1099,6044950,5,True,0,136
1100,41549000,4.1,True,0,42
1101,195218933,4.2,True,18,13
1102,42044949,4.2,True,13,1550
1103,192180322,5,True,40,284
1104,5136235,4,True,40,20
1105,41221132,3.7,False,0,61
1106,5841659,4.5,True,28,
1107,191124175,4.4,True,70,16
1108,6978287,4.2,True,0,30
1109,50527829,4.1,True,15,13
1110,41121414,3.8,True,19,551
1111,poiId,avgScore,hasFoodSafeInfo,avgPrice,
1112,42018549,4,True,0,265
1113,6909551,4.1,True,0,182
1114,42493807,3.5,True,0,299
1115,40038896,4.3,True,0,28
1116,41450385,4.2,True,6,537
1117,6313163,4.6,True,30,149
1118,50678088,3.8,True,0,124
1119,193552949,4.4,True,16,150
1120,40366480,4.4,True,10,68
1121,4574059,3.4,False,10,415
1122,40896240,3.6,True,0,79
1123,4912808,4.4,True,40,156
1124,50218416,4.1,True,0,112
1125,6275420,4.3,True,0,91
1126,193949883,3.5,False,53,49
1127,847513595,4.9,True,45,12
1128,195159416,4.1,True,12,41
1129,96586619,4.9,True,0,120
1130,5563251,5,True,0,53
1131,1618160687,4.7,False,15,33
1132,95921199,4,True,90,
1133,686090639,4.6,True,30,17
1134,195716092,0,False,46,1
1135,164238867,5,True,10,108
1136,164429851,4,True,0,8
1137,169196803,4.2,True,0,13
1138,92087878,5,True,10,131
1139,152520953,5,True,22,142
1140,157055692,0,True,5,11
1141,174907097,4,True,30,88
1142,188054743,4.6,True,0,79
1143,188606052,3.4,True,14,300
1144,189977950,0,True,0,
1145,190850961,4.2,False,8,8
1146,156363722,5,True,0,148
1147,186249604,5,True,47,214
1148,182048550,3.5,True,30,2
1149,177905886,4.8,True,0,35
1150,179171471,4.1,True,13,32
1151,182694493,3.5,True,15,3
1152,190322987,5,True,50,31
1153,183954063,4.1,True,30,16
1154,185530727,3.1,True,16,50
1155,191117560,4.6,True,55,11
1156,180729036,5,True,12,61
1157,179978410,4,True,12,104
1158,179545080,4.1,True,0,12
1159,177965214,5,True,0,49
1160,177839319,4.6,True,25,64
1161,175373610,3.7,True,10,6
1162,108638748,5,True,10,1151
1163,182056385,4.6,True,0,41
1164,182527352,5,True,0,111
1165,185310235,4.9,True,20,91
1166,521328246,5,True,0,50
1167,42988922,4.4,True,12,37
1168,195046921,4.3,True,0,17
1169,1165501242,3.5,True,0,5
1170,1545459777,5,True,0,56
1171,192917727,4,True,10,24
1172,192891922,5,True,0,71
1173,192787800,3.5,True,19,
1174,192500582,5,True,10,34
1175,192196994,5,True,0,33
1176,194621164,5,True,0,152
1177,194691176,4.7,True,25,21
1178,194717565,4.5,True,15,24
1179,169120061,5,True,0,68
1180,195059414,4.6,True,16,164
1181,2856081,5,True,0,294
1182,72886960,4.6,False,0,88
1183,173396158,5,True,34,92
1184,1222826950,4.5,True,21,31
1185,1270232942,0,False,12,
1186,1473285244,5,True,0,53
1187,193037928,4.1,False,20,7
1188,193063550,3.4,True,22,193
1189,193218343,3.6,True,15,56
1190,193275987,3.5,True,13,23
1191,193398669,4.5,True,0,15
1192,192250688,4.2,True,9,209
1193,193472900,4.3,True,0,22
1194,165289989,5,True,100,74
1195,192794069,3.5,True,10,7
1196,165380230,3.5,False,30,2
1197,193860963,4.4,False,30,6
1198,168904895,5,True,17,410
1199,194844588,3.5,True,65,3
1200,165535656,4.3,True,13,31
1201,80595092,5,True,0,120
1202,192150558,5,True,9,157
1203,98289197,4.1,True,10,18
1204,181467508,3.5,True,10,352
1205,179085915,4.6,True,0,30
1206,187289908,5,True,10,45
1207,189767543,5,True,32,47
1208,189988396,3.5,True,0,2
1209,1808643609,4.4,True,8,53
1210,194748093,3.5,True,10,2
1211,194717930,4.5,True,40,39
1212,40509337,4.8,True,0,62
1213,933153180,4.5,True,30,6
1214,150003940,5,True,25,422
1215,864447427,4.3,True,0,15
1216,639691941,4.5,False,12,42
1217,93378014,3.9,True,0,42
1218,192856033,4,True,10,18
1219,190676750,3.9,True,8,64
1220,189966415,4,True,12,138
1221,163396698,5,True,20,93
1222,86321077,3.8,True,0,38
1223,158936845,4.8,True,69,738
1224,179390318,4.4,True,0,16
1225,94023907,4.5,True,25,481
1226,163288910,3.5,True,30,10
1227,1419488228,0,False,80,
1228,182621475,5,True,20,52
1229,161091276,4.9,True,24,660
1230,160522166,5,True,0,117
1231,160064568,5,True,0,169
1232,159207713,3,True,0,4
1233,189471969,0,True,0,
1234,152737012,3.5,True,0,8
1235,190463981,5,True,10,230
1236,164972276,3.5,False,28,14
1237,164578512,5,True,0,81
1238,85073583,4.4,True,25,300
1239,155793654,5,True,0,46
1240,179614079,4.4,True,0,308
1241,159442380,3,True,128,4
1242,178895982,3,True,0,49
1243,157713068,3.9,True,18,15
1244,185663388,4.7,True,10,167
1245,93838936,4.5,True,0,28
1246,165442259,3.6,True,22,166
1247,poiId,avgScore,hasFoodSafeInfo,avgPrice,
1248,poiId,avgScore,hasFoodSafeInfo,avgPrice,
1249,169144626,5,True,30,109
1250,194349323,3.5,True,20,3
1251,94257423,4,True,0,15
1252,190654301,4.5,True,13,194
1253,189248927,4.9,True,0,50
1254,188105967,4.3,True,12,48
1255,163288679,5,True,0,134
1256,177566405,5,True,6,161
1257,95222885,5,True,0,147
1258,185436360,5,True,10,156
1259,177706605,4.5,True,11,590
1260,92721552,3.5,True,0,3
1261,41923502,5,True,8,1264
1262,88340690,4.6,True,0,29
1263,166145029,5,False,14,68
1264,184180112,3.5,True,0,4
1265,187155409,5,True,10,69
1266,99234789,3,True,0,9
1267,192783287,5,True,23,52
1268,40085530,3.8,True,0,30
1269,5642040,4.3,True,0,52
1270,163268729,5,True,0,67
1271,175387015,3,True,9,11
1272,72676780,5,True,8,1550
1273,6890781,4.5,True,0,16
1274,169172937,4.5,True,0,36
1275,41020640,5,True,10,94
1276,152814653,3.5,True,0,12
1277,164571716,3.7,True,9,974
1278,159536344,0,True,6,12
1279,1107518169,4.1,True,10,54
1280,157204005,3.5,False,10,71
1281,193532786,4,True,12,56
1282,94148205,4.6,True,0,95
1283,103807127,3.5,True,0,3
1284,40602497,4,True,0,7
1285,194963048,5,True,25,46
1286,90820308,5,True,0,140
1287,159647792,5,True,11,1550
1288,113112012,5,True,10,96
1289,175148491,5,True,35,62
1290,168861944,5,True,17,219
1291,169050357,5,True,7,130
1292,193805625,5,True,0,183
1293,52282142,4.1,True,0,6
1294,159643684,3,True,0,1
1295,165968569,3,True,0,2
1296,195883612,3.8,True,10,18
1297,60229435,4.2,True,33,795
1298,162190356,4.2,True,34,94
1299,154372631,4.7,True,14,127
1300,6591439,4.4,True,32,68
1301,90299265,5,False,0,163
1302,194529663,5,False,29,56
1303,164786096,3.8,True,14,44
1304,42161001,4.8,True,22,397
1305,94489434,4.6,True,25,109
1306,158708978,5,True,0,18
1307,192596214,4.4,True,10,22
1308,98221379,5,True,22,595
1309,194255313,4.9,True,76,182
1310,856028151,5,True,58,71
1311,75046503,4.5,True,137,1450
1312,51868860,5,True,17,1550
1313,164900820,4.2,False,53,640
1314,193900988,4.2,True,35,6
1315,1276985947,5,True,0,13
1316,40988088,4.4,True,60,1550
1317,106295458,3.8,True,124,1198
1318,171542513,4,True,0,103
1319,193600955,5,True,0,205
1320,152708213,5,True,0,67
1321,193188272,4.2,True,49,196
1322,192246018,4.2,False,0,46
1323,162047218,4.5,True,0,17
1324,41942983,4.4,True,117,1550
1325,807797134,3.5,False,0,1
1326,194544076,4.6,False,55,10
1327,1468466213,4.1,True,0,59
1328,178114062,3,True,0,63
1329,162979934,4.4,True,0,226
1330,150310131,3.5,True,48,250
1331,159680506,3.7,True,81,344
1332,868452318,3.8,False,42,36
1333,3319176,3.4,True,49,1347
1334,193323800,3.2,False,0,40
1335,2255245,3.3,True,51,1550
1336,157192788,3.7,False,60,1550
1337,6698126,3.6,True,65,1115
1338,195201613,4.1,False,60,45
1339,95039206,3.6,True,97,1140
1340,159169361,3.1,False,69,174
1341,188917311,3.8,True,55,61
1342,2255224,3.8,False,35,33
1343,41580768,3.7,True,37,24
1344,2255783,3.7,True,29,1550
1345,192748573,3.3,True,0,48
1346,41603209,3.3,True,119,881
1347,41258646,3.9,True,35,763
1348,2255168,3.8,True,105,280
1349,160341472,3,True,81,175
1350,183950739,4.2,True,0,36
1351,189039115,5,True,0,65
1352,42573226,4.7,True,26,77
1353,168922573,4.3,True,48,162
1354,964117402,4.4,False,0,13
1355,165861856,3.7,True,71,711
1356,poiId,avgScore,hasFoodSafeInfo,avgPrice,
1357,poiId,avgScore,hasFoodSafeInfo,avgPrice,
1358,542243090,3,False,192,8
1359,193576951,4.3,False,51,233
1360,585081151,3.5,False,0,17
1361,1742273118,3.5,False,0,5
1362,193867818,3.3,True,135,70
1363,5882396,4.9,True,38,31
1364,184027225,3,False,0,4
1365,2255819,3.9,True,0,5
1366,184498481,3,False,0,23
1367,1227194293,5,False,50,242
1368,1063885482,3.9,False,0,8
1369,83785543,5,True,63,351
1370,169319988,3.9,True,0,18
1371,194949810,5,True,0,37
1372,192598589,3.3,False,61,191
1373,184844584,3.5,True,0,1
1374,990019128,3.9,False,0,8
1375,162911485,4.3,False,65,648
1376,1896382795,4.4,False,16,7
1377,4788958,4.6,True,25,1466
1378,42334318,5,True,11,883
1379,74628549,4.8,True,13,1550
1380,98895680,5,True,20,229
1381,40550573,4.6,True,16,480
1382,4321642,4.1,True,21,1550
1383,101400283,5,True,14,1230
1384,66512374,3.9,True,12,11
1385,4497440,3.9,True,25,1419
1386,poiId,avgScore,hasFoodSafeInfo,avgPrice,
1387,4154776,3.9,True,26,1550
1388,50923352,3,False,10,
1389,168855470,3.5,True,14,425
1390,42423321,4.1,True,34,1550
1391,5861099,4.2,True,10,1550
1392,163896936,3.5,True,0,3
1393,1328990010,3.5,True,25,
1394,42959712,3,True,10,61
1395,52478421,4.8,False,11,366
1396,6314168,4.8,True,8,183
1397,179938515,5,True,17,67
1398,5054353,3.9,True,19,1550
1399,2521291,4.1,True,9,341
1400,4408390,5,True,15,809
1401,72994038,4.1,True,20,10
1402,177841274,4.1,True,19,19
1403,6768031,3.9,True,15,18
1404,962408,3.5,True,46,834
1405,42298518,4.2,True,20,47
1406,51184796,3.8,True,30,143
1407,189940959,3.8,True,21,36
1408,2255205,3.5,True,20,958
1409,40423423,4.1,True,10,39
1410,4932452,4.1,True,0,134
1411,4851384,4.4,True,15,95
1412,42387356,3.9,False,56,512
1413,61553244,3.9,False,10,292
1414,178129902,3.5,False,40,
1415,179554795,3.5,True,15,5
1416,182663362,4,True,15,26
1417,156875664,4.1,True,13,43
1418,52376379,4,True,31,
1419,160558158,3.4,True,16,249
1420,168929661,3.8,True,12,49
1421,42571389,4,True,30,
1422,52347791,4.1,True,17,35
1423,42980262,4,True,30,
1424,194802561,4,True,16,20
1425,6124535,4.7,True,23,1400
1426,159498359,0,False,45,4
1427,152374558,4.3,True,15,26
1428,42402012,3.5,True,31,
1429,118279474,5,True,0,178
1430,154371512,4.4,True,12,22
1431,158473290,5,True,8,255
1432,93205928,5,True,19,232
1433,162179125,4,True,22,15
1434,583786003,3.5,True,60,
1435,169160154,3.5,True,19,162
1436,184602232,4.3,True,12,49
1437,179109957,4.1,True,17,77
1438,108019826,5,True,25,355
1439,118197195,3.5,True,0,1
1440,1236124992,3.5,True,11,3
1441,183970093,4.6,True,37,22
1442,190633671,5,True,16,152
1443,169966203,5,True,40,192
1444,179269243,4.6,True,15,231
1445,158740845,4.2,False,47,19
1446,6243118,5,False,22,78
1447,188598276,4,True,30,
1448,127408824,5,True,20,97
1449,96789168,3.9,True,38,40
1450,185450237,4.2,True,15,14
1451,2854266,3.5,True,31,
1452,1250659099,5,True,18,41
1453,5919705,3.8,True,30,1
1454,169497474,3.7,True,18,93
1455,962439,3.5,True,30,
1456,176021110,4.4,True,16,96
1457,157276027,5,False,60,52
1458,191116646,3.5,True,30,
1459,195913437,4,True,42,7
1460,164294851,3,False,0,9
1461,165079873,3.8,True,50,20
1462,78368075,3.9,True,15,232
1463,84617299,3.5,True,10,
1464,178794158,4.6,True,19,48
1465,162872945,3,True,8,3
1466,158909213,5,False,10,818
1467,95298659,3.6,True,18,15
1468,156748018,4.5,True,20,2
1469,157371499,5,True,9,1181
1470,185721543,4.1,True,15,125
1471,186386337,4.1,True,25,21
1472,95503510,3.9,True,40,405
1473,189153508,3.8,True,15,15
1474,165011741,4.6,True,16,217
1475,165755352,4.4,True,13,61
1476,99087005,4.6,True,17,1429
1477,169998316,0,True,50,4
1478,152312627,3,True,0,
1479,156741362,5,True,20,112
1480,190668290,4,True,18,3
1481,1552883407,4.6,True,43,11
1482,178857659,3.4,True,79,82
1483,103464608,4.6,True,16,1109
1484,193437668,3,True,20,
1485,195111940,0,False,25,
1486,81598567,4.9,False,0,134
1487,927332148,0,True,12,
1488,1192406440,0,False,18,
1489,157088769,4.7,True,47,104
1490,1287136442,5,True,40,62
1491,175384723,3,True,15,6
1492,91145466,4.1,True,20,109
1493,179103140,4.6,True,13,44
1494,164699050,3.5,True,18,4
1495,194524573,5,True,17,52
1496,150918536,0,True,10,
1497,160481213,4.4,False,16,62
1498,42802722,4.1,True,10,15
1499,157365238,4.8,True,14,470
1500,84880383,5,True,9,335
1501,157683586,3.9,True,55,218
1502,916722225,3.5,False,10,5
1503,1338421428,0,False,13,
1504,164850826,4.2,True,13,42
1505,114023558,5,False,22,65
1506,546146878,5,True,18,61
1507,159145337,4.4,True,0,50
1508,165029237,4,True,15,22
1509,165698780,3.7,True,16,253
1510,97649699,5,True,10,627
1511,123496353,4.4,True,17,497
1512,188475506,3,True,15,31
1513,156615416,3.5,True,17,
1514,1337939969,3.5,True,0,2
1515,163052837,4.1,True,0,71
1516,192239911,4.3,True,14,14
1517,poiId,avgScore,hasFoodSafeInfo,avgPrice,
1518,153604234,0,True,0,
1519,84770980,5,True,15,58
1520,162164828,3.5,True,10,
1521,159233629,3.9,True,15,18
1522,160098571,4,True,39,63
1523,113137779,3.7,True,18,55
1524,162711043,3.6,True,0,35
1525,153644314,5,True,20,876
1526,164852649,3.4,True,19,46
1527,192706025,3.5,True,20,
1528,165403029,3.9,True,21,88
1529,186572468,4,True,14,4
1530,192677680,3.8,False,25,56
1531,1497495850,5,True,49,289
1532,6065026,4.9,False,8,66
1533,192505175,4.9,True,53,40
1534,95679782,5,True,47,510
1535,1997612291,3.5,False,0,
1536,91228916,4.5,False,20,48
1537,2255601,4,True,30,
1538,poiId,avgScore,hasFoodSafeInfo,avgPrice,
1539,poiId,avgScore,hasFoodSafeInfo,avgPrice,
1540,189573213,5,True,74,338
1541,179510963,5,True,93,190
1542,195083099,5,True,77,55
1543,105603553,5,True,71,404
1544,152720585,5,True,56,176
1545,104988571,5,True,50,275
1546,187796710,5,True,81,46
1547,1494416457,4.7,False,60,21
1548,1156425285,4.5,False,20,63
1549,1500038633,4.5,True,30,21
1550,184439577,4.7,True,63,50
1551,180572614,3.5,True,50,4
1552,1650760306,5,True,75,
1553,4467674,5,True,31,969
1554,71572543,5,True,65,322
1555,99641210,5,True,52,190
1556,184041108,3.8,True,25,297
1557,820357502,4,True,43,5
1558,166601969,4.4,True,51,229
1559,189978000,4,True,65,
1560,187445956,4.8,True,44,43
1561,50535907,4,True,65,
1562,169260009,4.1,True,20,17
1563,150889722,3.9,True,35,21
1564,77962540,4.1,True,29,634
1565,4792578,4.5,True,65,
1566,1272967224,3.5,True,20,
1567,985355792,3.5,True,72,
1568,6071974,4.4,True,50,472
1569,150440206,4.5,True,33,14
1570,191833514,3.5,True,44,5
1571,189053114,3.2,True,37,88
1572,841745591,3,True,16,31
1573,193933308,3.5,True,60,2
1574,52642020,4.5,True,50,150
1575,179558042,4.9,True,50,40
1576,2855325,5,True,45,164
1577,42605620,4.9,True,51,1261
1578,40048754,4.7,True,41,224
1579,42727534,5,True,54,269
1580,50771616,4.5,True,46,1025
1581,6341352,4.3,False,57,1223
1582,5960407,5,True,30,69
1583,5373072,4.5,True,54,951
1584,2854493,3.8,True,42,387
1585,40703214,4.2,False,61,125
1586,40175539,4.7,True,66,206
1587,5971809,4.1,True,43,986
1588,40757419,4.1,True,50,14
1589,85152520,4.5,True,69,40
1590,4460153,3.8,True,37,716
1591,42818600,4,True,26,17
1592,2630616,3.6,True,64,66
1593,6986801,3.8,False,43,178
1594,2255978,4,True,45,205
1595,62809129,3.8,False,30,136
1596,41214265,4.3,True,29,150
1597,962434,4,True,49,96
1598,42897438,4.1,True,41,134
1599,2856015,4,True,46,107
1600,2516177,3.5,True,47,262
1601,136447396,4.1,True,107,147
1602,184784099,3.5,False,50,1
1603,194036311,4.2,False,37,20
1604,102111731,5,True,43,302
1605,184955794,3.5,True,0,4
1606,184974531,4.1,True,33,13
1607,187701025,4.8,True,49,66
1608,92070762,5,True,50,1432
1609,4451218,5,True,46,1061
1610,165477624,4,True,45,8
1611,175336526,3.5,True,51,7
1612,182061939,3.5,False,45,2
1613,85149608,4.5,True,40,68
1614,192984423,3.5,True,65,3
1615,193774587,5,True,30,24
1616,849748291,3.5,False,48,2
1617,1090378308,5,True,50,55
1618,4725505,3.6,True,51,26
1619,164536434,5,False,40,121
1620,184998657,3,False,70,
1621,41917169,3.7,False,37,20
1622,78572027,3.6,True,49,27
1623,162740114,3.5,True,0,3
1624,193906144,4.5,True,53,284
1625,167105646,3,True,0,6
1626,1139896537,3.9,True,55,8
1627,2255689,3.5,False,76,8
1628,98593090,4.5,True,41,128
1629,192790586,4.9,True,59,411
1630,195860015,3.5,True,36,4
1631,175464301,5,True,0,38
1632,164983602,5,True,30,173
1633,165888004,3.5,False,40,
1634,182330916,5,False,35,36
1635,165359471,4,True,30,29
1636,97089507,5,False,29,52
1637,169268122,4.1,True,50,98
1638,182503850,3.5,True,50,6
1639,155999113,4.3,True,47,211
1640,187057153,4,True,30,11
1641,42912000,4.4,True,40,21
1642,97808267,3.9,True,47,9
1643,1589803411,5,False,60,94
1644,40122686,4.7,True,97,1550
1645,117438227,4.5,True,41,47
1646,94927752,3.6,True,48,277
1647,166041868,4.9,True,57,184
1648,97613111,4.7,True,48,226
1649,159593641,4.9,False,22,308
1650,78704954,3,False,25,4
1651,158725197,3.5,True,0,
1652,86866407,3.5,True,30,2
1653,194308855,4.1,True,18,40
1654,42612623,3,True,0,2
1655,71995434,3.5,True,0,4
1656,195244076,0,True,20,1
1657,962437,3.8,True,59,26
1658,194758553,3.5,True,50,
1659,1528798653,5,False,35,36
1660,177466043,5,True,62,187
1661,40852506,5,True,52,118
1662,192678213,4.7,True,46,228
1663,195977322,5,False,52,71
1664,40403870,5,False,30,144
1665,192497887,5,True,51,43
1666,poiId,avgScore,hasFoodSafeInfo,avgPrice,
1667,poiId,avgScore,hasFoodSafeInfo,avgPrice,
1668,77819913,3.5,True,36,1
1669,1909586809,3.5,True,51,2
1670,1040531172,4.5,True,60,6
1671,6950355,4.2,True,49,134
1672,5233126,3.4,True,46,48
1673,189414603,4.2,False,28,24
1674,42856571,4,True,42,149
1675,4368080,3.9,True,50,120
1676,191521592,5,True,54,283
1677,110359928,5,False,48,116
1678,88082030,4.6,True,28,460
1679,115626111,4.8,True,30,72
1680,194826576,3.7,False,45,75
1681,177638798,4.1,True,74,167
1682,164404904,5,True,62,205
1683,91103395,3,True,50,1
1684,624366193,5,False,33,127
1685,1159778630,4.6,True,61,15
1686,1379651008,4.6,True,48,36
1687,1833859317,5,True,28,39
1688,180507697,5,True,80,78
1689,969523321,3.5,True,96,8
1690,159396084,3,False,40,7
1691,644212710,3.5,False,35,11
1692,192493253,3,True,50,
1693,186392549,5,True,56,750
1694,160575473,5,True,31,202
1695,194591187,4.5,True,71,3
1696,162876475,5,False,40,35
1697,1823771936,0,False,50,
1698,1324406111,5,False,39,57
1699,179695212,0,False,54,318
1700,192503537,4.4,False,38,11
1701,192564614,4.5,True,66,52
1702,194933314,3.5,False,25,8
1703,659141718,3.6,True,84,12
1704,189045729,4.4,True,42,139
1705,998958641,3.5,True,30,
1706,105005123,4.1,False,38,18
1707,118797527,4.4,True,20,13
1708,190806084,3.5,True,21,3
1709,50625643,4.5,True,14,85
1710,2255271,4.9,True,32,1147
1711,193730350,5,True,40,115
1712,2541356,4.5,True,98,215
1713,94629226,3.9,True,0,17
1714,3303483,4.7,True,85,320
1715,6311228,3.4,True,26,578
1716,194721768,3.6,True,40,47
1717,2255314,4.2,True,37,149
1718,4759807,4.2,True,50,178
1719,42610266,4,True,67,319
1720,5752556,4.3,True,49,149
1721,177561630,3.6,True,53,47
1722,188011688,3.7,True,60,77
1723,181404252,3.5,True,19,1
1724,157258123,3.7,True,33,50
1725,177766606,4.5,True,52,354
1726,169242496,3.5,True,45,89
1727,99116765,5,False,31,68
1728,193429500,3.5,False,50,5
1729,177619794,3,False,22,3
1730,4894998,3,True,20,6
1731,184871465,3.5,False,50,11
1732,186418952,3.9,True,48,175
1733,4918728,4.7,True,31,375
1734,192265413,3.6,True,71,51
1735,41847646,3.7,False,32,134
1736,66112922,4.4,True,27,20
1737,186396917,4.5,True,41,51
1738,193309527,3.5,False,48,5
1739,41522596,4,True,26,17
1740,159080011,3.6,True,67,1130
1741,113696552,5,True,20,29
1742,192995530,4,False,147,3
1743,1067441256,3.5,True,24,3
1744,86336727,3.5,True,37,6
1745,163233390,5,True,37,257
1746,187052611,5,True,40,98
1747,2853864,3.5,False,17,
1748,1789650125,4.4,True,0,11
1749,181476773,4.3,False,64,35
1750,177746447,5,True,37,42
1751,2255448,3,False,35,
1752,181998498,3.8,False,46,37
1753,157796059,5,True,71,526
1754,119711155,5,True,48,46
1755,194656041,4.4,True,25,31
1756,179680315,4.6,True,58,102
1757,91289567,5,True,17,928
1758,1444885215,3.5,False,20,3
1759,132414322,3.5,False,116,4
1760,184803374,5,False,148,181
1761,78237076,4.6,False,37,33
1762,195994565,4,False,60,16
1763,4011649,4,False,38,9
1764,1627862368,0,False,96,27
